<?xml version="1.0" encoding="UTF-8"?>
<Configuration status="WARN">
    <Appenders>
        <Console name="Console" target="SYSTEM_OUT">
            <PatternLayout pattern="[%-5level] %d{yyyy-MM-dd HH:mm:ss.SSS} - %msg%n" />
        </Console>
        <RollingFile name="RollingFile"
                     fileName="Logs/Execution_Logs.log" filePattern="logs/app-%d{MM-dd-yyyy}-%i.log.gz"
                     append="true">
            <PatternLayout pattern="[%-5level] %d{yyyy-MM-dd HH:mm:ss.SSS} - %msg%n" />
            <SizeBasedTriggeringPolicy size="10 MB" />
        </RollingFile>
    </Appenders>
    <Loggers>
        <Root level="debug">
            <AppenderRef ref="RollingFile" />
            <AppenderRef ref="Console" />
        </Root>
    </Loggers>
</Configuration>